<?xml version="1.0" encoding="utf-8" ?>
<Defs>

  <PawnKindDef Name="MedievalPawnBase" Abstract="True">
    <race>Human</race>
    <defaultFactionType>MedievalCivil</defaultFactionType>
    <backstoryCategories>
      <li>Tribal</li>
    </backstoryCategories>
    <maxGenerationAge>70</maxGenerationAge>
    <chemicalAddictionChance>0.05</chemicalAddictionChance>
    <invNutrition>2.55</invNutrition>
    <invFoodDef>Pemmican</invFoodDef>
    <apparelTags>
      <li>Neolithic</li>
      <li>Medieval</li>
      <li>MedievalMilitary</li>
    </apparelTags>
  </PawnKindDef>

  <!-- Poverty tier - peasant -->

  <PawnKindDef ParentName="MedievalPawnBase">
    <defName>Medieval_Peasant</defName>
    <label>peasant</label>
    <combatPower>35</combatPower>
    <chemicalAddictionChance>0.0</chemicalAddictionChance>
    <invNutrition>0.2</invNutrition>
    <itemQuality>Poor</itemQuality>
    <gearHealthRange>
      <min>0.2</min>
      <max>1.2</max>
    </gearHealthRange>
    <apparelMoney>
      <min>125</min>
      <max>200</max>
    </apparelMoney>
    <weaponMoney>
      <min>100</min>
      <max>150</max>
    </weaponMoney>
    <weaponTags>
      <li>NeolithicMeleeBasic</li>
    </weaponTags>
    <techHediffsMoney>
      <min>50</min>
      <max>100</max>
    </techHediffsMoney>
    <techHediffsTags>
      <li>Poor</li>
      <li>Simple</li>
    </techHediffsTags>
    <techHediffsChance>0.15</techHediffsChance>
  </PawnKindDef>

  <!-- Low tier - archer, bandit -->

  <PawnKindDef ParentName="MedievalPawnBase">
		<defName>Medieval_Archer</defName>
		<label>archer</label>
    <combatPower>45</combatPower>
    <itemQuality>Normal</itemQuality>
    <gearHealthRange>
      <min>0.5</min>
      <max>2.0</max>
    </gearHealthRange>
    <apparelMoney>
      <min>250</min>
      <max>450</max>
    </apparelMoney>
    <weaponMoney>
			<min>100</min>
			<max>250</max>
		</weaponMoney>
		<weaponTags>
			<li>NeolithicRangedBasic</li>
			<li>NeolithicRangedDecent</li>
		</weaponTags>
    <techHediffsMoney>
      <min>50</min>
      <max>100</max>
    </techHediffsMoney>
    <techHediffsTags>
      <li>Normal</li>
    </techHediffsTags>
    <techHediffsChance>0.03</techHediffsChance>
	</PawnKindDef>

  <PawnKindDef ParentName="MedievalPawnBase">
		<defName>Medieval_Bandit</defName>
		<label>bandit</label>
    <combatPower>40</combatPower>
    <itemQuality>Poor</itemQuality>
    <gearHealthRange>
      <min>0.4</min>
      <max>1.5</max>
    </gearHealthRange>
    <apparelMoney>
      <min>250</min>
      <max>400</max>
    </apparelMoney>
    <weaponMoney>
			<min>150</min>
			<max>300</max>
		</weaponMoney>
		<weaponTags>
			<li>FlamingBasic</li>
                        <li>NeolithicMeleeBasic</li>
		</weaponTags>
    <techHediffsMoney>
      <min>50</min>
      <max>100</max>
    </techHediffsMoney>
    <techHediffsTags>
      <li>Normal</li>
    </techHediffsTags>
    <techHediffsChance>0.03</techHediffsChance>
	</PawnKindDef>

  <!-- Mid tier - warrior, crossbowman, elite archer, elite bandit, trader -->
  
  <PawnKindDef ParentName="MedievalPawnBase">
    <defName>Medieval_Warrior</defName>
    <label>warrior</label>
    <combatPower>60</combatPower>
    <itemQuality>Normal</itemQuality>
    <canBeSapper>true</canBeSapper>
    <gearHealthRange>
      <min>0.6</min>
      <max>2.5</max>
    </gearHealthRange>
    <apparelMoney>
      <min>300</min>
      <max>400</max>
    </apparelMoney>
    <apparelRequired>
      <li>Apparel_PlateArmor</li>
    </apparelRequired>
    <weaponMoney>
      <min>180</min>
      <max>300</max>
    </weaponMoney>
    <weaponTags>
      <li>MedievalMeleeDecent</li>
      <li>NeolithicMeleeDecent</li>
    </weaponTags>
  </PawnKindDef>

  <PawnKindDef ParentName="MedievalPawnBase" Name="Medieval_Crossbowman">
    <defName>Medieval_Crossbowman</defName>
    <label>crossbowman</label>
    <labelPlural>crossbowmen</labelPlural>
    <combatPower>60</combatPower>
    <gearHealthRange>
      <min>0.6</min>
      <max>2.2</max>
    </gearHealthRange>
    <apparelMoney>
      <min>300</min>
      <max>360</max>
    </apparelMoney>
    <weaponMoney>
      <min>200</min>
      <max>320</max>
    </weaponMoney>
    <weaponTags>
      <li>MedievalRanged</li>
    </weaponTags>
  </PawnKindDef>

  <PawnKindDef ParentName="MedievalPawnBase">
    <defName>Medieval_EliteArcher</defName>
    <label>elite archer</label>
    <combatPower>55</combatPower>
    <gearHealthRange>
      <min>0.6</min>
      <max>2.2</max>
    </gearHealthRange>
    <apparelMoney>
      <min>300</min>
      <max>360</max>
    </apparelMoney>
    <weaponMoney>
      <min>160</min>
      <max>300</max>
    </weaponMoney>
    <weaponTags>
      <li>NeolithicRangedHeavy</li>
    </weaponTags>
  </PawnKindDef>

  <PawnKindDef ParentName="MedievalPawnBase">
    <defName>Medieval_EliteBandit</defName>
    <label>elite bandit</label>
    <combatPower>65</combatPower>
    <itemQuality>Normal</itemQuality>
    <canBeSapper>true</canBeSapper>
    <gearHealthRange>
      <min>0.5</min>
      <max>2.0</max>
    </gearHealthRange>
    <apparelMoney>
      <min>240</min>
      <max>420</max>
    </apparelMoney>
    <weaponMoney>
      <min>160</min>
      <max>400</max>
    </weaponMoney>
    <weaponTags>
      <li>MedievalMeleeDecent</li>
      <li>FlamingBasic</li>
      <li>FlamingAdvanced</li>
    </weaponTags>
  </PawnKindDef>
  
  <PawnKindDef ParentName="Medieval_Crossbowman">
    <defName>Medieval_Trader</defName>
    <label>trader</label>
    <trader>true</trader>
    <apparelMoney>
      <min>320</min>
      <max>400</max>
    </apparelMoney>
    <weaponMoney>
      <min>200</min>
      <max>360</max>
    </weaponMoney>
  </PawnKindDef>

  <!-- High tier - knight, royal guard, mercenary, lord -->

  <PawnKindDef ParentName="MedievalPawnBase">
    <defName>Medieval_Knight</defName>
    <label>knight</label>
    <combatPower>100</combatPower>
    <canBeSapper>false</canBeSapper>
    <apparelMoney>
      <min>420</min>
      <max>700</max>
    </apparelMoney>
    <apparelRequired>
      <li>Apparel_PlateArmor</li>
    </apparelRequired>
    <weaponMoney>
      <min>400</min>
      <max>600</max>
    </weaponMoney>
    <weaponTags>
      <li>MedievalMeleeDecent</li>
    </weaponTags>
  </PawnKindDef>

  <PawnKindDef ParentName="MedievalPawnBase">
    <defName>Medieval_Royal</defName>
    <label>royal guard</label>
    <combatPower>125</combatPower>
    <canBeSapper>false</canBeSapper>
    <apparelMoney>
      <min>500</min>
      <max>800</max>
    </apparelMoney>
    <apparelRequired>
      <li>Apparel_PlateArmor</li>
    </apparelRequired>
    <weaponMoney>
      <min>500</min>
      <max>800</max>
    </weaponMoney>
    <weaponTags>
      <li>MedievalMeleeDecent</li>
      <li>MedievalRanged</li>
      <li>NeolithicRangedHeavy</li>
    </weaponTags>
  </PawnKindDef>

  <PawnKindDef ParentName="MedievalPawnBase">
    <defName>Medieval_Mercenary</defName>
    <label>mercenary</label>
    <labelPlural>mercenaries</labelPlural>
    <combatPower>105</combatPower>
    <canBeSapper>true</canBeSapper>
    <apparelMoney>
      <min>320</min>
      <max>640</max>
    </apparelMoney>
    <apparelRequired>
      <li>Apparel_PlateArmor</li>
    </apparelRequired>
    <weaponMoney>
      <min>320</min>
      <max>640</max>
    </weaponMoney>
    <weaponTags>
      <li>NeolithicRangedHeavy</li>
      <li>MedievalRanged</li>
      <li>FlamingAdvanced</li>
    </weaponTags>
  </PawnKindDef>

  <PawnKindDef ParentName="MedievalPawnBase" Name="MedievalLordBase" Abstract="True">
    <defName>Medieval_Lord</defName>
    <combatPower>150</combatPower>
    <baseRecruitDifficulty>0.90</baseRecruitDifficulty>
    <minGenerationAge>30</minGenerationAge>
    <maxGenerationAge>999</maxGenerationAge>
    <factionLeader>true</factionLeader>
    <canBeSapper>false</canBeSapper>
    <apparelMoney>
      <min>700</min>
      <max>1200</max>
    </apparelMoney>
    <apparelRequired>
      <li>Apparel_TribalHeaddress</li>
      <li>Apparel_PlateArmor</li>
    </apparelRequired>
    <weaponMoney>
      <min>550</min>
      <max>1200</max>
    </weaponMoney>
  </PawnKindDef>
  
  <PawnKindDef ParentName="MedievalLordBase">
    <defName>Medieval_Lord</defName>
    <label>lord</label>
    <weaponTags>
      <li>MedievalMeleeDecent</li>
    </weaponTags>
  </PawnKindDef>

  <PawnKindDef ParentName="MedievalLordBase">
    <defName>Medieval_BanditBoss</defName>
    <label>bandit boss</label>
    <labelPlural>bandit bosses</labelPlural>
    <apparelMoney>
      <min>600</min>
      <max>1200</max>
    </apparelMoney>
    <weaponMoney>
      <min>600</min>
      <max>1200</max>
    </weaponMoney>
    <weaponTags>
      <li>MedievalMeleeDecent</li>
    </weaponTags>
  </PawnKindDef>
  
</Defs>